specobjid,ra,dec,z,plate,mjd,fiberid,class,subclass
3.15321E+17,170.01664,-0.38968843,-0.000194091,280,51612,251,STAR,WD
3.16509E+17,171.80071,0.2789693,9.19E-05,281,51614,476,STAR,WD
3.85208E+17,237.38482,0.37923855,-0.000120285,342,51691,547,STAR,WD
3.85213E+17,237.45804,1.1465347,0.000118514,342,51691,565,STAR,WD
3.85233E+17,238.15921,0.65288534,0.000136894,342,51691,639,STAR,WD
3.85234E+17,238.09394,0.62348302,-6.62E-05,342,51691,640,STAR,WD
3.86205E+17,240.03364,-0.14456297,-6.48E-05,343,51692,78,STAR,WD
3.86236E+17,239.01093,-0.12270452,-5.82E-05,343,51692,191,STAR,WD
3.86267E+17,237.77718,-0.19579812,0.00053349,343,51692,303,STAR,WD
3.86285E+17,238.52744,0.58146071,-7.34E-05,343,51692,369,STAR,WD
3.8629E+17,238.3176,0.53146625,-0.000550796,343,51692,385,STAR,WD
3.86294E+17,238.55353,1.1888375,-9.85E-05,343,51692,402,STAR,WD
3.86311E+17,238.70601,0.19756403,-2.47E-05,343,51692,462,STAR,WD
3.8734E+17,241.47719,-0.46978019,-0.000172512,344,51693,111,STAR,WD
3.98613E+17,261.19568,60.25025,2.09E-05,354,51792,163,STAR,WD
3.98624E+17,261.08998,60.763707,9.57E-05,354,51792,200,STAR,WD
3.98632E+17,260.71108,60.183991,1.95E-05,354,51792,229,STAR,WD
3.98641E+17,259.25025,60.528268,3.55E-05,354,51792,264,STAR,WD
3.98647E+17,259.47344,60.065626,-0.000210689,354,51792,286,STAR,WD
3.98656E+17,258.98454,60.112193,-0.000154449,354,51792,318,STAR,WD
3.98662E+17,258.53863,61.267284,-0.000661424,354,51792,341,STAR,WD
3.9868E+17,260.32251,61.509167,0.000403289,354,51792,407,STAR,WD
3.98699E+17,260.00675,61.188037,0.000121657,354,51792,474,STAR,WD
3.9872E+17,262.0442,61.151276,-2.99E-05,354,51792,549,STAR,WD
3.98724E+17,262.58382,61.660413,-0.000315721,354,51792,565,STAR,WD
3.98729E+17,262.3247,61.393189,-0.000141041,354,51792,583,STAR,WD
3.98732E+17,262.58829,60.882798,-0.000306929,354,51792,595,STAR,WD
3.98734E+17,262.85579,62.200356,-0.000115164,354,51792,603,STAR,WD
3.98739E+17,263.34594,61.520422,1.10E-05,354,51792,620,STAR,WD
3.99732E+17,258.52304,56.784822,-0.00016802,355,51788,135,STAR,WD
3.99754E+17,258.27803,56.923768,-0.000144699,355,51788,217,STAR,WD
5.12415E+17,39.03908,-8.1399757,0.000800757,455,51909,474,STAR,CarbonWD
5.18014E+17,50.11402,-5.881511,6.27E-05,460,51924,364,STAR,WD
5.18016E+17,50.356409,-6.2449621,-0.000125928,460,51924,372,STAR,WD
5.18018E+17,50.107666,-6.0996741,-0.000117521,460,51924,379,STAR,WD
5.18027E+17,50.668232,-6.1744033,1.35E-05,460,51924,410,STAR,WD
5.18027E+17,50.49339,-5.8677304,-0.000615974,460,51924,412,STAR,WD
5.18028E+17,50.564976,-5.7853748,6.27E-05,460,51924,414,STAR,WD
5.1805E+17,50.792974,-6.591374,-0.000388115,460,51924,494,STAR,WD
5.18074E+17,51.308607,-6.4674993,-7.35E-05,460,51924,583,STAR,WD
5.18086E+17,51.978139,-6.7034,-0.000238116,460,51924,627,STAR,WD
5.18087E+17,51.776129,-6.4745791,-0.000153093,460,51924,629,STAR,WD
5.19058E+17,53.615071,-7.2568567,-8.31E-05,461,51910,65,STAR,WD
5.19065E+17,53.349429,-7.4699357,0.000479727,461,51910,92,STAR,WD
5.19081E+17,53.29347,-7.1463025,-9.63E-05,461,51910,148,STAR,WD
5.19083E+17,53.240344,-7.0763631,0.000123122,461,51910,158,STAR,WD
5.40501E+17,145.96358,1.0178131,0.000103547,480,51989,251,STAR,WD
5.40559E+17,146.50696,2.1338035,-4.21E-06,480,51989,462,STAR,WD
6.03649E+17,220.49639,2.9401869,-0.000147355,536,52024,605,STAR,WD
6.03649E+17,220.30626,2.7033089,-5.79E-05,536,52024,607,STAR,WD
6.03653E+17,220.73133,2.7974567,-2.91E-05,536,52024,620,STAR,WD
6.03654E+17,220.98114,2.2508858,-4.49E-05,536,52024,625,STAR,WD
6.04618E+17,223.06768,1.5178742,-6.69E-05,537,52027,36,STAR,WD
6.04626E+17,222.48188,1.3347166,1.29E-05,537,52027,63,STAR,WD
6.04629E+17,222.502,1.7121235,9.75E-05,537,52027,77,STAR,WD
6.04631E+17,221.92378,0.52617119,6.15E-05,537,52027,84,STAR,WD
6.04649E+17,221.94661,1.2606156,0.000153737,537,52027,147,STAR,WD
6.04685E+17,220.87888,1.5682899,-0.000554391,537,52027,279,STAR,WD
6.04686E+17,220.67004,0.69068555,0.000524472,537,52027,284,STAR,WD
6.35087E+17,130.40257,2.2892293,-7.67E-05,564,52224,290,STAR,WD
6.35089E+17,130.23361,2.2881651,8.58E-05,564,52224,298,STAR,WD
6.35115E+17,130.35816,3.0690029,-0.000387824,564,52224,390,STAR,WD
6.3513E+17,131.3596,3.6636973,-6.29E-05,564,52224,445,STAR,WD
6.35136E+17,130.78743,3.3053538,0.000216296,564,52224,466,STAR,WD
6.3515E+17,131.54476,3.3141126,0.000113323,564,52224,518,STAR,WD
6.35155E+17,131.83006,3.4642395,-0.000168078,564,52224,537,STAR,WD
6.35172E+17,131.91926,3.0031511,0.000494247,564,52224,598,STAR,WD
6.36149E+17,134.99355,2.47294,0.000145438,565,52225,58,STAR,WD
6.36154E+17,134.93649,2.8063348,5.45E-05,565,52225,73,STAR,WD
6.36155E+17,135.00855,2.9076757,-5.49E-05,565,52225,80,STAR,WD
6.36179E+17,134.2216,2.8068202,7.77E-05,565,52225,166,STAR,WD
6.36196E+17,133.53074,2.7266953,-5.73E-05,565,52225,228,STAR,WD
6.36199E+17,133.27951,2.8376346,-0.000159132,565,52225,240,STAR,WD
5.32603E+17,139.51212,1.5078471,-9.78E-05,473,51929,191,STAR,WD
5.32607E+17,139.73708,1.0621889,0.000323787,473,51929,204,STAR,WD
5.32649E+17,138.40177,2.0340139,-0.00072369,473,51929,357,STAR,WD
5.32668E+17,139.39372,2.1567739,0.000772269,473,51929,428,STAR,WD
5.3267E+17,139.57994,1.8960671,0.000682717,473,51929,435,STAR,WD
5.32677E+17,139.75174,2.284084,0.000111254,473,51929,460,STAR,WD
5.32679E+17,139.66555,1.9479649,4.24E-05,473,51929,465,STAR,WD
5.32692E+17,140.13466,2.2036748,0.000186689,473,51929,513,STAR,WD
5.48323E+17,151.70415,62.797263,0.000106213,487,51943,36,STAR,WD
5.48405E+17,147.13852,63.694696,-0.000108102,487,51943,333,STAR,WD
5.48409E+17,146.71748,63.311591,-0.000488363,487,51943,350,STAR,WD
5.48414E+17,148.91027,64.008911,-0.000437426,487,51943,366,STAR,WD
7.31986E+17,0.7846892,-9.6963886,-7.15E-05,650,52143,550,STAR,WD
7.32967E+17,3.5649505,-10.584965,-5.50E-05,651,52141,23,STAR,WD
4.07668E+17,263.2124,55.119898,-2.85E-05,362,51999,337,STAR,WD
4.0769E+17,264.09082,55.168875,0.000316052,362,51999,416,STAR,WD
4.07699E+17,264.41532,55.838865,-0.000150963,362,51999,447,STAR,WD
4.50376E+17,23.940092,-0.96115202,0.000105152,400,51820,60,STAR,WD
4.17838E+17,327.61292,0.57839475,-3.38E-05,371,52078,469,STAR,WD
4.17841E+17,327.90862,0.53949782,0.000544944,371,52078,481,STAR,WD
4.17852E+17,328.29985,0.32589761,-1.89E-05,371,52078,519,STAR,WD
4.17879E+17,328.92692,0.85774796,-0.000355451,371,52078,618,STAR,WD
4.18894E+17,329.63012,-1.0357946,3.96E-05,372,52173,217,STAR,WD
4.18904E+17,329.42383,-0.83249433,-2.68E-05,372,52173,251,STAR,WD
4.18911E+17,329.1322,-0.43393673,-0.000188679,372,52173,277,STAR,WD
4.18915E+17,329.11774,-0.77142699,-0.000162738,372,52173,291,STAR,WD
4.18946E+17,329.41304,0.87009311,-1.76E-05,372,52173,404,STAR,WD
4.18971E+17,330.04666,0.025325702,4.83E-05,372,52173,496,STAR,WD
4.04213E+17,261.70601,53.111339,-0.00028932,359,51821,55,STAR,WD
4.0422E+17,263.05625,53.603404,-0.00108267,359,51821,80,STAR,WD
4.04233E+17,261.23624,52.708029,-0.000992591,359,51821,127,STAR,WD
4.04245E+17,261.26713,53.664137,-0.00045282,359,51821,171,STAR,WD
4.04247E+17,261.50067,53.517769,-0.000123932,359,51821,178,STAR,WD
4.04251E+17,261.24127,53.315414,-0.000436307,359,51821,194,STAR,WD
4.04252E+17,261.2308,53.564929,-0.000299597,359,51821,197,STAR,WD
4.04255E+17,260.59223,52.611581,-0.000886846,359,51821,206,STAR,WD
4.04264E+17,260.6164,53.500594,-0.000940917,359,51821,240,STAR,WD
4.0427E+17,260.25127,53.251154,-0.000561108,359,51821,263,STAR,WD
4.04275E+17,260.25413,53.409365,-0.000507042,359,51821,279,STAR,WD
4.04281E+17,259.74142,53.455067,0.00019025,359,51821,301,STAR,WD
4.04295E+17,259.35728,53.744881,-0.000625206,359,51821,351,STAR,WD
4.04303E+17,260.612,54.720587,-9.70E-05,359,51821,380,STAR,WD
4.04305E+17,260.17343,54.048209,5.75E-05,359,51821,389,STAR,WD
4.04311E+17,261.12766,54.670481,4.05E-05,359,51821,410,STAR,WD
4.04318E+17,260.33604,54.105501,0.000395834,359,51821,437,STAR,WD
4.04325E+17,261.45248,54.271144,-0.000272304,359,51821,460,STAR,WD
4.04333E+17,261.45552,54.016373,-0.000183762,359,51821,491,STAR,WD
4.04349E+17,262.42331,53.904806,1.68E-05,359,51821,549,STAR,WD
4.04355E+17,262.31316,54.632784,-0.0003608,359,51821,569,STAR,WD
5.26979E+17,133.06023,-0.54555457,-0.000975259,468,51912,211,STAR,WD
5.26987E+17,132.92014,-0.28907096,-0.000409808,468,51912,241,STAR,WD
5.27006E+17,131.87328,0.43536339,7.41E-05,468,51912,307,STAR,WD
5.2703E+17,132.74494,1.0537608,-5.69E-05,468,51912,395,STAR,WD
5.27034E+17,132.9009,1.9124936,-8.32E-05,468,51912,409,STAR,WD
5.27045E+17,133.1228,1.7232774,0.000282454,468,51912,451,STAR,WD
5.27063E+17,133.82683,0.97592968,0.000119525,468,51912,515,STAR,WD
5.2805E+17,135.31742,0.14507933,4.71E-05,469,51913,12,STAR,WD
5.28051E+17,135.48762,0.30675734,-0.00034013,469,51913,16,STAR,WDmagnetic
5.28053E+17,135.93139,0.42140931,0.000273051,469,51913,21,STAR,WD
5.28062E+17,135.02876,0.25193245,0.000401275,469,51913,56,STAR,WD
5.28063E+17,135.20879,0.047043373,-3.53E-05,469,51913,57,STAR,WD
5.28066E+17,135.65175,0.55792289,8.77E-06,469,51913,69,STAR,WD
5.28077E+17,135.45261,0.83776206,0.000138103,469,51913,108,STAR,WD
5.2808E+17,135.46423,0.95038347,6.96E-05,469,51913,119,STAR,WD
5.28083E+17,134.61239,0.33111208,0.000139829,469,51913,131,STAR,WD
5.28086E+17,134.65484,0.29345251,4.93E-05,469,51913,140,STAR,WD
5.32701E+17,140.76234,2.1754691,7.38E-05,473,51929,547,STAR,WD
5.32703E+17,140.58893,2.2779517,7.16E-05,473,51929,555,STAR,WD
5.337E+17,141.82266,-0.90459066,9.24E-05,474,52000,84,STAR,WD
5.28155E+17,134.10555,1.2634583,0.000113859,469,51913,392,STAR,WD
5.28164E+17,134.40064,1.287257,-6.53E-05,469,51913,424,STAR,WD
5.28183E+17,134.77591,1.3268208,-0.000222657,469,51913,493,STAR,WD
5.28188E+17,135.17471,1.2641152,5.83E-05,469,51913,511,STAR,WD
5.28196E+17,134.92336,1.957333,0.000189206,469,51913,540,STAR,WD
5.28218E+17,135.82229,1.7632236,-0.000406503,469,51913,622,STAR,WD
5.2822E+17,135.91242,1.1954449,-0.0001324,469,51913,630,STAR,WD
5.29182E+17,137.38286,0.071299507,0.000190121,470,51929,31,STAR,WD
5.29187E+17,136.6323,-0.4661066,-0.000201445,470,51929,51,STAR,WD
5.29193E+17,137.1918,-0.090682024,0.000483113,470,51929,74,STAR,WD
5.29195E+17,136.60108,-0.40783476,8.81E-05,470,51929,81,STAR,WD
5.29203E+17,136.73277,-0.2387894,0.000767787,470,51929,109,STAR,WD
5.29211E+17,136.18773,-0.47737162,-0.000128861,470,51929,138,STAR,WD
5.29214E+17,136.48154,-0.071641528,9.17E-05,470,51929,150,STAR,WD
5.29227E+17,135.76988,-0.048947005,-5.68E-05,470,51929,197,STAR,WD
5.31533E+17,137.86514,0.48825215,5.80E-05,472,51955,394,STAR,WD
5.31558E+17,138.63135,0.29507708,-6.03E-05,472,51955,483,STAR,WD
5.3156E+17,138.54712,0.73516464,0.000180101,472,51955,492,STAR,WD
5.31597E+17,140.00092,0.46165999,-0.000983305,472,51955,628,STAR,WD
5.31601E+17,139.87143,0.4850274,-1.43E-05,472,51955,640,STAR,WD
5.32571E+17,140.87422,1.3388928,0.000108337,473,51929,74,STAR,WD
5.32572E+17,140.52962,1.7769898,-4.07E-05,473,51929,77,STAR,WD
7.67886E+17,354.57114,-0.95548016,0.000124918,682,52525,82,STAR,WD
7.67896E+17,355.32264,-0.058420265,7.30E-05,682,52525,117,STAR,WD
7.67932E+17,353.7942,-0.9652389,-1.61E-05,682,52525,248,STAR,WD
7.67951E+17,353.36793,-0.34352784,-5.19E-05,682,52525,317,STAR,WD
7.67956E+17,353.40994,0.68440093,-5.30E-05,682,52525,335,STAR,WD
7.79156E+17,14.008765,-0.37896177,-0.000416821,692,52201,120,STAR,WD
7.79183E+17,13.356952,-0.97093823,2.58E-05,692,52201,219,STAR,WD
6.11371E+17,118.57193,36.387059,-0.000205034,543,52017,25,STAR,WD
6.11376E+17,118.99892,36.961876,-8.17E-05,543,52017,44,STAR,WD
6.11387E+17,118.69428,36.825899,-0.000530747,543,52017,84,STAR,WD
3.31095E+17,195.69993,-0.83407393,-6.98E-05,294,51986,293,STAR,WD
3.8972E+17,244.88229,0.95859758,-0.000364403,346,51693,576,STAR,WD
3.91853E+17,249.11533,-0.49729989,-1.47E-05,348,51671,144,STAR,WD
3.46802E+17,221.85876,-1.0235098,0.000360072,308,51662,91,STAR,WD
3.70516E+17,175.75202,-2.126777,0.000125704,329,52056,346,STAR,WD
3.851E+17,237.13651,-0.28831429,8.01E-06,342,51691,155,STAR,WD
3.85115E+17,236.64616,-0.88659257,-9.18E-06,342,51691,209,STAR,WD
3.85116E+17,236.69707,-0.83430794,7.61E-05,342,51691,211,STAR,WD
3.8517E+17,236.58546,1.146849,-0.000323197,342,51691,410,STAR,WD
3.85173E+17,236.66598,0.98796201,-0.000358328,342,51691,419,STAR,WD
3.85185E+17,236.76464,0.47199742,-0.000122342,342,51691,464,STAR,WD
3.95366E+17,258.233,61.734861,0.000225719,351,51695,636,STAR,WD
4.18998E+17,330.80074,0.26321431,-0.00100891,372,52173,595,STAR,WD
4.19007E+17,331.14604,0.21193044,-2.56E-05,372,52173,626,STAR,WD
4.19961E+17,332.63017,-0.6674047,0.000219305,373,51788,2,STAR,WD
4.19976E+17,332.37541,-1.0774068,-9.28E-05,373,51788,55,STAR,WD
4.19984E+17,332.09859,-1.2594572,-0.000456993,373,51788,86,STAR,WD
4.19998E+17,331.66892,-0.86526184,0.000176514,373,51788,137,STAR,WD
4.20002E+17,332.17353,-0.087337623,8.60E-06,373,51788,152,STAR,WD
4.20027E+17,331.30867,-0.97824229,-2.45E-05,373,51788,243,STAR,WD
4.20051E+17,330.95291,0.92199443,-0.001042151,373,51788,330,STAR,WD
4.20075E+17,331.52003,0.77650276,0.000137532,373,51788,415,STAR,WD
4.20076E+17,331.44782,0.55188525,0.000365974,373,51788,421,STAR,WD
4.71779E+17,11.543192,13.65286,0.000119377,419,51879,98,STAR,WD
4.71786E+17,11.115195,13.659988,-0.000191922,419,51879,122,STAR,WD
4.89832E+17,117.56911,40.482843,-0.000187913,435,51882,237,STAR,WD
5.29317E+17,136.25517,1.2338403,-8.22E-05,470,51929,524,STAR,WD
5.29318E+17,136.37393,1.1931415,-0.000367091,470,51929,529,STAR,WD
5.29327E+17,136.62584,0.97128727,-0.000405032,470,51929,562,STAR,WD
5.2934E+17,136.8621,1.2629969,-2.72E-05,470,51929,608,STAR,WD
5.91136E+17,198.22978,1.6062531,-0.000120819,525,52295,139,STAR,WD
5.91138E+17,198.44785,1.8842813,0.000107986,525,52295,146,STAR,WD
6.0246E+17,216.89715,2.6627974,0.000129374,535,51999,377,STAR,WD
6.03617E+17,219.73615,2.0089752,-8.02E-05,536,52024,491,STAR,WD
6.03635E+17,220.53733,2.0230169,-0.000217556,536,52024,554,STAR,WD
6.46312E+17,154.07655,4.1557169,0.002164288,574,52355,166,STAR,WDmagnetic
6.46317E+17,153.78111,3.6872929,-0.00014724,574,52355,183,STAR,WD
6.68892E+17,235.33975,3.7986688,-0.000230673,594,52045,390,STAR,WD
6.68895E+17,235.55615,3.8001182,-0.000567936,594,52045,400,STAR,WDmagnetic
6.68897E+17,235.47762,3.2761842,-0.000363491,594,52045,410,STAR,WD
6.71158E+17,167.92332,64.911,-1.17E-05,596,52370,443,STAR,WD
6.71175E+17,168.72771,64.655609,2.82E-05,596,52370,504,STAR,WD
6.71183E+17,168.25282,64.986493,-0.000490071,596,52370,535,STAR,WD
6.73412E+17,178.6156,66.032318,-0.000397973,598,52316,450,STAR,WD
6.85714E+17,222.75773,62.063716,-8.01E-05,609,52339,150,STAR,WD
6.86945E+17,225.46155,59.92672,-0.000111152,610,52056,533,STAR,WD
6.86946E+17,225.18178,59.395462,-3.17E-05,610,52056,536,STAR,WD
8.53566E+17,121.8535,38.091189,0.00026626,758,52253,488,STAR,WD
8.53568E+17,121.77539,38.028004,-0.000158767,758,52253,494,STAR,WD
8.53576E+17,122.199,38.246002,8.78E-05,758,52253,523,STAR,WD
8.53582E+17,122.07254,38.784083,-6.89E-05,758,52253,545,STAR,WD
8.53588E+17,122.23893,37.932723,-0.000485817,758,52253,567,STAR,WD
8.65908E+17,145.91445,54.705976,-0.000279835,769,54530,332,STAR,WD
8.65912E+17,146.00725,54.310811,0.000121035,769,54530,345,STAR,WD
8.65925E+17,146.35299,54.26657,-0.000524565,769,54530,392,STAR,WD
8.71514E+17,164.88005,60.348838,0.003802443,774,52286,244,STAR,WDmagnetic
8.71515E+17,165.11977,60.449778,-0.000356657,774,52286,249,STAR,WD
8.71526E+17,164.49072,60.063924,-1.06E-05,774,52286,290,STAR,WD
8.71527E+17,164.46356,60.388565,4.13E-05,774,52286,292,STAR,WD
8.71543E+17,164.13812,61.541777,-6.76E-05,774,52286,350,STAR,WD
8.71549E+17,164.93194,61.853451,0.000181471,774,52286,373,STAR,WD
8.84973E+17,207.64206,60.09705,-0.000241796,786,52319,58,STAR,WD
8.84985E+17,207.55346,60.671484,-0.000369819,786,52319,101,STAR,WD
8.86161E+17,208.37711,59.355726,0.000874957,787,52320,283,STAR,WD
7.84896E+17,23.117028,1.0195343,-8.80E-05,697,52226,522,STAR,WD
7.84897E+17,23.095531,1.1342377,-9.14E-05,697,52226,528,STAR,WD
7.84906E+17,22.966699,0.5341293,-0.000386898,697,52226,559,STAR,WD
7.84906E+17,23.256644,1.1514015,0.000103103,697,52226,561,STAR,WD
7.85879E+17,25.521861,-1.0293747,-0.000173546,698,52203,2,STAR,WD
7.85919E+17,24.811945,-0.61042648,-4.19E-05,698,52203,150,STAR,WD
7.8593E+17,24.506278,-0.3324378,-1.52E-05,698,52203,190,STAR,WD
7.87115E+17,26.500811,1.1374342,-5.88E-05,699,52202,402,STAR,WD
7.87119E+17,26.351419,1.13317,-0.000338664,699,52202,419,STAR,WD
7.87133E+17,26.356694,0.65203954,-6.13E-05,699,52202,470,STAR,WD
7.87144E+17,26.699141,0.48217942,-0.000563228,699,52202,510,STAR,WD
7.8715E+17,26.835275,1.2330803,-0.001141694,699,52202,530,STAR,WD
7.87152E+17,26.842786,0.87461669,-0.000147924,699,52202,537,STAR,WD
7.93911E+17,38.234281,0.60066101,8.56E-05,705,52200,552,STAR,WD
7.93917E+17,38.204929,0.8439785,-0.000218664,705,52200,573,STAR,WD
8.00551E+17,49.555241,-1.1199226,0.000144682,711,52202,131,STAR,WD
8.00571E+17,49.004684,-1.232656,0.000460344,711,52202,203,STAR,WD
8.97473E+17,71.851507,0.36378392,0.000156408,797,52263,477,STAR,WD
8.97476E+17,72.081428,0.30393562,-0.000225431,797,52263,485,STAR,WD
8.97488E+17,72.555293,0.96083582,0.000215203,797,52263,532,STAR,WD
8.9749E+17,72.537389,0.89430989,-0.000234001,797,52263,539,STAR,WD
8.97491E+17,72.439954,0.93729744,0.000243471,797,52263,540,STAR,WD
8.97493E+17,72.761975,0.30400745,-9.94E-05,797,52263,547,STAR,WD
4.03167E+17,261.17093,57.043285,-2.00E-05,358,51818,346,STAR,WD
4.03176E+17,261.81136,57.152797,4.10E-05,358,51818,379,STAR,WD
4.0318E+17,261.74766,56.668171,1.36E-05,358,51818,392,STAR,WD
4.03184E+17,262.6504,57.831732,6.27E-05,358,51818,405,STAR,WD
4.03195E+17,263.25833,57.689961,3.93E-07,358,51818,447,STAR,WD
4.03198E+17,263.33598,57.347084,-1.16E-05,358,51818,459,STAR,WD
4.032E+17,262.5137,57.050413,-0.000328073,358,51818,466,STAR,WD
4.03222E+17,264.38212,56.835717,-0.000111401,358,51818,545,STAR,WD
4.03225E+17,264.66503,57.045391,-0.000220347,358,51818,556,STAR,WD
4.03237E+17,264.75098,56.710224,-0.000329191,358,51818,599,STAR,WD
4.03248E+17,265.14966,56.986428,-0.000145041,358,51818,640,STAR,WD
4.07741E+17,265.73108,55.628076,-0.000138256,362,51999,601,STAR,WD
4.08703E+17,233.65709,-0.78870602,-0.000130193,363,51989,5,STAR,WD
3.35595E+17,202.66873,-1.2510204,-7.20E-05,298,51955,281,STAR,WD
3.35606E+17,202.50056,-0.038409651,0.000215895,298,51955,318,STAR,WD
3.35609E+17,202.57999,1.1593673,0.000848431,298,51955,330,STAR,WD
3.3561E+17,202.44395,0.7083264,-1.17E-05,298,51955,335,STAR,WD
4.20111E+17,332.21058,0.23030151,-5.28E-05,373,51788,546,STAR,WD
4.2109E+17,334.63427,-0.79495146,-0.001592544,374,51791,11,STAR,WD
4.2109E+17,334.93442,-0.72169748,-0.000946387,374,51791,12,STAR,WD
4.2109E+17,334.81775,-0.80148481,0.000606928,374,51791,14,STAR,WD
4.21096E+17,334.99261,-0.11327147,0.00030851,374,51791,36,STAR,WD
4.21136E+17,333.7432,-0.41992043,3.09E-05,374,51791,180,STAR,WD
4.21141E+17,333.35989,-0.45341457,0.000574044,374,51791,199,STAR,WD
4.2122E+17,333.54051,0.34179006,-0.00018,374,51791,485,STAR,WD
4.21234E+17,334.05642,1.0822917,-9.56E-05,374,51791,537,STAR,WD
4.21236E+17,334.50432,0.57626887,5.07E-05,374,51791,545,STAR,WD
4.21241E+17,334.3679,0.88663966,7.29E-06,374,51791,563,STAR,WD
4.2126E+17,334.9849,0.21533566,0.000265943,374,51791,631,STAR,WD
3.94165E+17,257.80424,65.699554,-4.04E-05,350,51691,362,STAR,WD
3.94207E+17,258.4487,65.489873,-0.000147401,350,51691,518,STAR,WD
4.33505E+17,355.4235,-1.154778,-8.11E-06,385,51783,122,STAR,WD
6.26127E+17,144.79811,56.228859,-0.000456799,556,51991,462,STAR,WD
6.26139E+17,145.23479,56.639121,0.000112902,556,51991,503,STAR,WD
6.26152E+17,145.92245,57.027141,0.000310945,556,51991,551,STAR,WD
6.26154E+17,145.88757,56.903323,-0.000318272,556,51991,558,STAR,WD
6.27163E+17,147.57611,56.112062,-6.89E-07,557,52253,132,STAR,WD
6.27171E+17,147.93974,56.271291,0.000202826,557,52253,162,STAR,WD
6.38406E+17,140.00346,2.9936706,-0.000111834,567,52252,74,STAR,WD
6.38418E+17,139.52273,3.2637959,0.000110891,567,52252,119,STAR,WD
6.3843E+17,138.71441,3.3758841,-0.000271531,567,52252,164,STAR,WD
5.46189E+17,140.5638,60.542621,-0.000332411,485,51909,464,STAR,WD
5.46192E+17,140.64254,60.182026,-8.27E-06,485,51909,475,STAR,WD
5.46195E+17,141.49745,60.700623,-8.22E-05,485,51909,484,STAR,WD
5.46197E+17,141.20654,60.362057,-0.000135025,485,51909,494,STAR,WD
5.65332E+17,152.73035,2.0934755,4.92E-05,502,51957,475,STAR,WD
5.65338E+17,153.13537,1.9123866,-0.000153529,502,51957,494,STAR,WD
5.65341E+17,153.17675,2.3974452,-0.000178581,502,51957,506,STAR,WD
5.65345E+17,153.15336,2.9148916,0.000102851,502,51957,522,STAR,WD
5.65365E+17,153.71544,2.154042,2.75E-06,502,51957,593,STAR,WD
5.66329E+17,155.715,1.5214691,-3.96E-05,503,51999,3,STAR,WD
5.66346E+17,155.84408,1.660472,-0.00048483,503,51999,67,STAR,WD
5.66349E+17,155.61675,2.0097671,0.00023465,503,51999,76,STAR,WD
5.66357E+17,155.30042,1.8174403,0.000153633,503,51999,108,STAR,WD
5.66393E+17,154.68454,1.9860488,3.02E-06,503,51999,238,STAR,WD
5.66418E+17,153.95006,3.1134333,-8.34E-06,503,51999,329,STAR,WD
5.66447E+17,154.6115,2.1914956,-8.26E-05,503,51999,434,STAR,WD
5.66476E+17,155.52053,2.6541698,-0.000144698,503,51999,541,STAR,WD
5.74326E+17,168.46869,2.5865278,-9.06E-05,510,52381,427,STAR,WD
5.87869E+17,192.57786,2.6515756,-0.000230204,522,52024,542,STAR,WD
5.87882E+17,192.70672,3.0425731,-0.000211656,522,52024,591,STAR,WD
6.00142E+17,213.74119,1.3687123,-9.73E-05,533,51994,136,STAR,WD
6.00242E+17,213.92406,2.5697581,0.000260546,533,51994,500,STAR,WD
7.83688E+17,20.101203,-0.25723276,5.59E-07,696,52209,225,STAR,WD
7.83706E+17,20.045771,-0.55294262,-0.000719092,696,52209,291,STAR,WD
7.90534E+17,32.760718,-0.029116662,7.61E-05,702,52178,553,STAR,WD
7.90535E+17,32.894479,-0.007222728,2.13E-06,702,52178,556,STAR,WD
7.92709E+17,35.178758,-0.38289528,0.000286797,704,52205,275,STAR,WD
8.0052E+17,50.431218,-0.84045447,0.000170944,711,52202,19,STAR,WD
7.59983E+17,342.15057,-1.0221004,-0.000586641,675,52590,2,STAR,WD
7.59992E+17,342.61357,-0.30936427,-0.00022287,675,52590,35,STAR,WD
7.59999E+17,341.95123,-0.90776734,-3.90E-05,675,52590,60,STAR,WD
7.60006E+17,341.598,-1.0189959,-4.80E-05,675,52590,84,STAR,WD
7.73528E+17,4.0207229,-1.1074765,0.000195112,687,52518,127,STAR,WD
7.73529E+17,4.1210439,-0.74747801,9.37E-06,687,52518,131,STAR,WD
7.73562E+17,3.6747678,-0.76680986,-0.00011748,687,52518,251,STAR,WD
7.73571E+17,3.2247087,-1.0138765,1.64E-05,687,52518,282,STAR,WD
7.73578E+17,2.7917354,-0.2563816,0.000165865,687,52518,309,STAR,WD
7.77034E+17,10.700812,0.33201614,-0.000179054,690,52261,594,STAR,WD
7.86053E+17,25.911736,0.064358278,0.000222988,698,52203,637,STAR,WD
7.87007E+17,27.40974,-0.82723072,-3.06E-05,699,52202,12,STAR,WD
7.97226E+17,42.287319,0.78965862,-3.98E-05,708,52175,322,STAR,WD
7.57886E+17,338.06572,1.1440684,-0.000109002,673,52162,565,STAR,WD
7.58872E+17,339.92557,-0.86471871,-0.000260695,674,52201,56,STAR,WD
7.58893E+17,339.36191,-1.0196931,-0.000157835,674,52201,133,STAR,WD
7.58894E+17,339.37446,-1.096982,-0.000940901,674,52201,135,STAR,WD
7.58902E+17,339.17209,-0.34751562,-0.000264076,674,52201,164,STAR,WD
3.23203E+17,182.77187,-0.7745704,0.000298035,287,52023,253,STAR,WD
3.23207E+17,182.46017,-0.62686381,0.000151194,287,52023,269,STAR,WD
3.23221E+17,182.44135,-0.20622421,0.00018357,287,52023,319,STAR,WD
3.24311E+17,184.68037,-0.704855,-4.62E-05,288,52000,189,STAR,WD
3.24343E+17,183.87986,-0.38193194,-0.000140204,288,52000,306,STAR,WD
3.24372E+17,184.62785,0.70451502,0.000103747,288,52000,412,STAR,WD
3.24382E+17,185.08634,0.73294697,-2.32E-05,288,52000,446,STAR,WD
3.50282E+17,227.74485,0.68686295,0.000702678,311,51665,461,STAR,WD
3.51296E+17,229.63836,-0.94487643,-5.22E-05,312,51689,56,STAR,WD
4.69582E+17,7.0022819,14.080341,-0.000367212,417,51821,297,STAR,WD
4.69585E+17,7.0214392,14.387382,0.000190357,417,51821,308,STAR,WD
4.69592E+17,7.2106667,15.652758,1.43E-06,417,51821,332,STAR,WD
4.69601E+17,7.3280295,16.218262,-0.000480365,417,51821,365,STAR,WD
4.69604E+17,7.3798277,15.661171,4.30E-05,417,51821,379,STAR,WD
4.69621E+17,7.4170008,15.156153,9.57E-05,417,51821,439,STAR,WD
4.76322E+17,18.695692,13.473713,-0.000488962,423,51821,242,STAR,WD
4.78559E+17,22.369995,13.754054,0.000195426,425,51898,187,STAR,WD
4.78565E+17,22.683572,13.431057,0.000202604,425,51898,211,STAR,WD
4.78581E+17,21.623668,13.751782,0.000133107,425,51898,267,STAR,WD
4.78586E+17,21.674668,13.427003,-0.000235828,425,51898,286,STAR,WD
4.78588E+17,21.79981,13.585068,0.000287742,425,51898,293,STAR,WD
4.78602E+17,21.525154,14.679469,0.000247222,425,51898,342,STAR,WD
4.78605E+17,21.36806,14.450341,-8.01E-05,425,51898,353,STAR,WD
4.78615E+17,21.894318,14.539238,-0.000411039,425,51898,391,STAR,WD
5.91235E+17,198.40204,2.8769308,-0.000439829,525,52295,501,STAR,WD
6.04699E+17,220.73868,2.9899225,-0.000116226,537,52027,330,STAR,WD
6.04715E+17,220.67503,2.246814,-0.000112405,537,52027,387,STAR,WD
6.04721E+17,221.33724,2.9404495,-0.000799428,537,52027,409,STAR,WD
6.04721E+17,221.21626,2.675736,-0.00020039,537,52027,411,STAR,WD
6.04756E+17,222.20678,2.6735989,-0.000130547,537,52027,538,STAR,WD
6.04764E+17,222.3947,2.9173956,-0.001018167,537,52027,566,STAR,WD
6.04765E+17,222.40172,2.7766673,-0.000115667,537,52027,570,STAR,WD
6.04769E+17,222.33824,2.3622326,2.04E-05,537,52027,586,STAR,WD
6.04772E+17,222.5003,2.299461,-3.79E-05,537,52027,596,STAR,WD
6.0478E+17,222.80488,2.336278,-9.19E-05,537,52027,623,STAR,WD
6.04783E+17,222.93913,2.4329073,-0.000550884,537,52027,635,STAR,WD
6.15958E+17,123.23454,44.135421,0.000320461,547,51959,330,STAR,WD
6.15963E+17,123.8823,44.619514,0.000268237,547,51959,350,STAR,WD
6.15972E+17,124.27709,45.057456,-0.000162917,547,51959,382,STAR,WD
6.1599E+17,124.28517,44.268927,-0.001056154,547,51959,445,STAR,WD
6.83525E+17,216.86793,61.174011,0.000552188,607,52368,379,STAR,CarbonWD
6.89174E+17,228.56462,58.737672,-0.000347304,612,52079,449,STAR,WD
6.89178E+17,228.4118,57.655597,-0.000201447,612,52079,463,STAR,WD
6.89214E+17,230.06554,57.604857,-0.000324826,612,52079,592,STAR,WD
6.98131E+17,239.89977,49.968862,-0.000147325,620,52375,267,STAR,WD
7.02736E+17,246.55837,47.644688,-0.000490785,624,52377,634,STAR,WD
6.37268E+17,137.82679,3.1791958,-1.18E-05,566,52238,31,STAR,WD
6.37278E+17,137.69726,2.9717232,-0.000187067,566,52238,66,STAR,WD
6.37318E+17,136.29821,2.8174185,-5.36E-05,566,52238,214,STAR,WD
6.3732E+17,136.26502,2.9296803,-7.00E-05,566,52238,220,STAR,WD
6.37327E+17,136.08194,2.7579053,-2.19E-05,566,52238,245,STAR,WD
6.37335E+17,135.74232,3.3409509,3.11E-06,566,52238,275,STAR,WD
6.37339E+17,135.7371,2.8787548,0.000120363,566,52238,291,STAR,WD
6.37362E+17,135.85245,3.828154,-0.000394204,566,52238,373,STAR,WD
6.37364E+17,136.01452,3.9170011,0.000196716,566,52238,380,STAR,WD
6.46324E+17,153.70209,2.8616419,0.000272747,574,52355,210,STAR,WD
6.46326E+17,153.57858,3.5297893,-5.42E-06,574,52355,217,STAR,WD
6.46329E+17,153.57903,3.9498176,-0.0002439,574,52355,227,STAR,WD
6.50917E+17,160.84576,5.2099584,0.000503281,578,52339,534,STAR,WD
6.50938E+17,161.90934,5.3889788,-0.000507004,578,52339,609,STAR,WD
6.55386E+17,211.60175,5.5112794,-0.00025087,582,52045,410,STAR,WD
6.55425E+17,212.2478,4.7651995,2.66E-06,582,52045,551,STAR,WD
6.55437E+17,212.70619,4.8477679,9.02E-05,582,52045,593,STAR,WD
6.55449E+17,212.99991,4.6809685,-0.000362957,582,52045,638,STAR,WD
6.56451E+17,213.53336,3.9889932,-3.53E-05,583,52055,186,STAR,WD
6.63225E+17,225.09757,3.1517356,-0.000392514,589,52055,255,STAR,WD
8.54625E+17,122.09976,38.88808,-0.000193702,759,52254,242,STAR,WD
8.5463E+17,122.12735,39.173488,0.000379304,759,52254,260,STAR,WD
8.54649E+17,121.38435,39.590292,0.000153861,759,52254,330,STAR,WD
8.54652E+17,122.40872,40.010663,-5.39E-06,759,52254,343,STAR,WD
8.65837E+17,149.10576,54.146776,-0.000193078,769,54530,72,STAR,WD
8.65839E+17,149.01373,54.151958,0.000121191,769,54530,78,STAR,WD
8.65841E+17,147.91315,53.140249,-0.000106574,769,54530,88,STAR,WD
8.68181E+17,152.6147,62.722304,-0.000409766,771,52370,407,STAR,WD
8.68202E+17,153.34506,61.712866,0.000244019,771,52370,486,STAR,WD
8.59099E+17,131.17176,44.798876,-0.00040846,763,52235,137,STAR,WD
8.59102E+17,131.70015,45.216314,-0.00015486,763,52235,148,STAR,WD
8.59108E+17,131.24086,45.609115,-1.73E-05,763,52235,168,STAR,WD
8.59127E+17,130.24026,45.585843,2.50E-06,763,52235,238,STAR,WD
8.69333E+17,157.46517,62.841581,0.000269775,772,52375,502,STAR,WD
8.69362E+17,158.45949,63.270747,-0.000396577,772,52375,609,STAR,WD
8.70322E+17,162.40105,62.084525,-0.000108556,773,52376,4,STAR,WD
8.70333E+17,161.41058,61.828052,-0.000203634,773,52376,44,STAR,WD
8.7034E+17,161.84117,62.656887,-0.000138588,773,52376,72,STAR,WD
8.70372E+17,160.13995,62.682432,0.000135497,773,52376,188,STAR,WD
8.70379E+17,160.18521,62.153595,0.000572815,773,52376,213,STAR,WD
8.71604E+17,167.04566,62.220538,0.000109257,774,52286,572,STAR,WD
3.10768E+17,164.05133,-0.10601633,-4.94E-05,276,51909,73,STAR,WD
3.10775E+17,163.52396,-1.192494,0.000233638,276,51909,97,STAR,WD
3.1083E+17,162.68729,-0.79122453,0.000206253,276,51909,298,STAR,WD
3.10911E+17,164.36589,0.35519549,2.28E-05,276,51909,593,STAR,WD
3.11881E+17,166.65299,-0.1895481,-0.000251342,277,51908,25,STAR,WD
3.11892E+17,166.08348,-0.60783666,-0.000104588,277,51908,66,STAR,WD
3.11938E+17,165.25928,-0.092776727,0.000450549,277,51908,232,STAR,WD
3.11949E+17,164.66699,-0.084146857,0.000775587,277,51908,271,STAR,WD
3.1762E+17,173.47551,0.3126886,-5.61E-05,282,51658,423,STAR,WD
3.17651E+17,174.06205,0.8519236,0.000112337,282,51658,537,STAR,WD
3.18662E+17,176.83503,-0.4015726,1.63E-05,283,51959,117,STAR,WD
3.18669E+17,176.53637,-0.41087837,-0.000150059,283,51959,142,STAR,WD
3.1867E+17,176.60193,-0.47301868,0.000148663,283,51959,145,STAR,WD
5.36092E+17,145.05371,-0.002745005,-0.000164208,476,52314,597,STAR,WD
5.36096E+17,145.00112,0.86863924,-2.40E-05,476,52314,610,STAR,WD
5.36097E+17,145.03222,0.44000631,-0.00012334,476,52314,614,STAR,WD
5.37063E+17,146.12492,1.9791051,-8.46E-05,477,52026,32,STAR,WD
5.37067E+17,145.42112,0.89586437,-0.00058281,477,52026,46,STAR,WD
5.37078E+17,144.9944,1.277272,-3.61E-05,477,52026,85,STAR,WD
5.37084E+17,145.704,1.7972396,4.01E-05,477,52026,107,STAR,WD
5.371E+17,144.7703,2.0218921,-0.000487771,477,52026,166,STAR,WD
5.37126E+17,144.04194,1.5015304,-0.000662184,477,52026,261,STAR,WD
5.37134E+17,144.00391,1.3497947,-0.000265265,477,52026,291,STAR,WD
5.37149E+17,143.73517,2.5225671,2.66E-05,477,52026,343,STAR,WD
5.5057E+17,161.43613,64.562377,0.000246189,489,51930,19,STAR,WD
5.50577E+17,159.66175,64.045728,0.00015068,489,51930,44,STAR,WD
5.50587E+17,160.98601,65.0159,7.66E-05,489,51930,79,STAR,WD
5.64124E+17,151.02099,1.7956275,-4.97E-05,501,52235,175,STAR,WD
5.64128E+17,150.84896,1.6988978,1.39E-05,501,52235,191,STAR,WD
5.43827E+17,135.05884,56.282405,-0.000649543,483,51924,62,STAR,WD
5.43926E+17,134.55132,58.416574,8.64E-05,483,51924,422,STAR,WD
5.48488E+17,152.162,63.440856,-0.000697473,487,51943,634,STAR,WD
5.5059E+17,159.0889,64.127605,3.97E-05,489,51930,91,STAR,WD
5.50595E+17,160.41833,64.940595,-3.32E-05,489,51930,109,STAR,WD
5.50595E+17,159.9908,64.809279,6.83E-05,489,51930,110,STAR,WD
5.50629E+17,157.27431,64.852273,-0.000214617,489,51930,234,STAR,WD
5.50634E+17,157.50104,63.957658,-0.000160232,489,51930,251,STAR,WD
5.5064E+17,156.78947,64.847338,-0.000151267,489,51930,273,STAR,WD
5.50662E+17,155.78953,65.174361,6.72E-05,489,51930,353,STAR,WD
5.50673E+17,156.86462,65.386841,1.17E-05,489,51930,393,STAR,WD
5.5068E+17,158.59963,66.348011,5.31E-05,489,51930,417,STAR,WD
5.50694E+17,158.53795,65.573624,-0.00030987,489,51930,468,STAR,WD
5.50701E+17,158.80919,65.268314,-7.69E-05,489,51930,494,STAR,WD
5.50709E+17,159.95085,66.644101,-0.000248825,489,51930,524,STAR,WD
5.50712E+17,160.05085,66.088954,-5.42E-06,489,51930,535,STAR,WD
5.50713E+17,159.4317,65.913347,-6.93E-05,489,51930,538,STAR,WD
5.5072E+17,160.75676,66.486839,5.03E-05,489,51930,562,STAR,WD
4.9216E+17,120.79838,42.974143,-0.000308945,437,51876,515,STAR,WD
5.77701E+17,174.03938,2.9255977,-0.000138885,513,51989,415,STAR,WD
5.9001E+17,196.27907,1.6963531,0.000551805,524,52027,138,STAR,WD
5.90011E+17,196.33052,2.2948294,-0.000107752,524,52027,142,STAR,WD
5.90027E+17,196.03184,2.4655572,7.45E-06,524,52027,200,STAR,WD
5.90032E+17,195.95431,1.622859,0.000450313,524,52027,218,STAR,WD
5.90034E+17,195.75794,1.8352795,0.000266449,524,52027,226,STAR,WD
6.08111E+17,227.69478,2.366455,-7.13E-05,540,51996,453,STAR,WD
6.0813E+17,227.8206,2.6884501,0.000622146,540,51996,523,STAR,WD
6.08137E+17,228.05033,1.8751296,-4.69E-05,540,51996,551,STAR,WD
5.93449E+17,201.45554,3.4373411,-5.45E-05,527,52342,362,STAR,WD
5.93464E+17,201.7321,3.5178187,-7.17E-05,527,52342,418,STAR,WD
5.99056E+17,210.5324,1.3078445,-0.000322129,532,51993,282,STAR,WD
5.99059E+17,211.27576,1.3975839,4.19E-05,532,51993,293,STAR,WD
5.99082E+17,211.17094,3.2975592,-0.000298527,532,51993,375,STAR,WD
5.99095E+17,211.46154,2.4498117,-0.000278905,532,51993,424,STAR,WD
5.99101E+17,211.75985,2.8625666,-0.000195089,532,51993,444,STAR,WD
5.99132E+17,212.57836,2.4280526,-8.54E-05,532,51993,559,STAR,WD
