specobjid,label,filepath
3.80626e+17,main_sequence,C:\Users\Harshit\OneDrive\Desktop\stellar-spectra-ai\data\raw\main_sequence\spec-0338-51694-0263.fits
3.80709e+17,main_sequence,C:\Users\Harshit\OneDrive\Desktop\stellar-spectra-ai\data\raw\main_sequence\spec-0338-51694-0562.fits
3.80723e+17,main_sequence,C:\Users\Harshit\OneDrive\Desktop\stellar-spectra-ai\data\raw\main_sequence\spec-0338-51694-0614.fits
3.81697e+17,main_sequence,C:\Users\Harshit\OneDrive\Desktop\stellar-spectra-ai\data\raw\main_sequence\spec-0339-51692-0060.fits
3.81713e+17,main_sequence,C:\Users\Harshit\OneDrive\Desktop\stellar-spectra-ai\data\raw\main_sequence\spec-0339-51692-0118.fits
3.81725e+17,main_sequence,C:\Users\Harshit\OneDrive\Desktop\stellar-spectra-ai\data\raw\main_sequence\spec-0339-51692-0165.fits
3.81729e+17,main_sequence,C:\Users\Harshit\OneDrive\Desktop\stellar-spectra-ai\data\raw\main_sequence\spec-0339-51692-0178.fits
3.81738e+17,main_sequence,C:\Users\Harshit\OneDrive\Desktop\stellar-spectra-ai\data\raw\main_sequence\spec-0339-51692-0212.fits
3.81771e+17,main_sequence,C:\Users\Harshit\OneDrive\Desktop\stellar-spectra-ai\data\raw\main_sequence\spec-0339-51692-0330.fits
3.81772e+17,main_sequence,C:\Users\Harshit\OneDrive\Desktop\stellar-spectra-ai\data\raw\main_sequence\spec-0339-51692-0335.fits
3.8178e+17,main_sequence,C:\Users\Harshit\OneDrive\Desktop\stellar-spectra-ai\data\raw\main_sequence\spec-0339-51692-0362.fits
3.17539e+17,main_sequence,C:\Users\Harshit\OneDrive\Desktop\stellar-spectra-ai\data\raw\main_sequence\spec-0282-51658-0128.fits
3.17553e+17,main_sequence,C:\Users\Harshit\OneDrive\Desktop\stellar-spectra-ai\data\raw\main_sequence\spec-0282-51658-0178.fits
3.33358e+17,main_sequence,C:\Users\Harshit\OneDrive\Desktop\stellar-spectra-ai\data\raw\main_sequence\spec-0296-51984-0335.fits
3.36815e+17,main_sequence,C:\Users\Harshit\OneDrive\Desktop\stellar-spectra-ai\data\raw\main_sequence\spec-0299-51671-0623.fits
3.3778e+17,main_sequence,C:\Users\Harshit\OneDrive\Desktop\stellar-spectra-ai\data\raw\main_sequence\spec-0300-51943-0038.fits
4.41431e+17,main_sequence,C:\Users\Harshit\OneDrive\Desktop\stellar-spectra-ai\data\raw\main_sequence\spec-0392-51793-0283.fits
4.41502e+17,main_sequence,C:\Users\Harshit\OneDrive\Desktop\stellar-spectra-ai\data\raw\main_sequence\spec-0392-51793-0541.fits
3.44677e+17,main_sequence,C:\Users\Harshit\OneDrive\Desktop\stellar-spectra-ai\data\raw\main_sequence\spec-0306-51637-0551.fits
3.44694e+17,main_sequence,C:\Users\Harshit\OneDrive\Desktop\stellar-spectra-ai\data\raw\main_sequence\spec-0306-51637-0614.fits
3.45661e+17,main_sequence,C:\Users\Harshit\OneDrive\Desktop\stellar-spectra-ai\data\raw\main_sequence\spec-0307-51663-0034.fits
3.45682e+17,main_sequence,C:\Users\Harshit\OneDrive\Desktop\stellar-spectra-ai\data\raw\main_sequence\spec-0307-51663-0113.fits
3.45756e+17,main_sequence,C:\Users\Harshit\OneDrive\Desktop\stellar-spectra-ai\data\raw\main_sequence\spec-0307-51663-0382.fits
3.45758e+17,main_sequence,C:\Users\Harshit\OneDrive\Desktop\stellar-spectra-ai\data\raw\main_sequence\spec-0307-51663-0389.fits
3.45759e+17,main_sequence,C:\Users\Harshit\OneDrive\Desktop\stellar-spectra-ai\data\raw\main_sequence\spec-0307-51663-0391.fits
3.45766e+17,main_sequence,C:\Users\Harshit\OneDrive\Desktop\stellar-spectra-ai\data\raw\main_sequence\spec-0307-51663-0419.fits
3.45778e+17,main_sequence,C:\Users\Harshit\OneDrive\Desktop\stellar-spectra-ai\data\raw\main_sequence\spec-0307-51663-0462.fits
3.45806e+17,main_sequence,C:\Users\Harshit\OneDrive\Desktop\stellar-spectra-ai\data\raw\main_sequence\spec-0307-51663-0561.fits
3.45823e+17,main_sequence,C:\Users\Harshit\OneDrive\Desktop\stellar-spectra-ai\data\raw\main_sequence\spec-0307-51663-0626.fits
4.07657e+17,main_sequence,C:\Users\Harshit\OneDrive\Desktop\stellar-spectra-ai\data\raw\main_sequence\spec-0362-51999-0297.fits
4.0767e+17,main_sequence,C:\Users\Harshit\OneDrive\Desktop\stellar-spectra-ai\data\raw\main_sequence\spec-0362-51999-0343.fits
4.07707e+17,main_sequence,C:\Users\Harshit\OneDrive\Desktop\stellar-spectra-ai\data\raw\main_sequence\spec-0362-51999-0477.fits
4.07719e+17,main_sequence,C:\Users\Harshit\OneDrive\Desktop\stellar-spectra-ai\data\raw\main_sequence\spec-0362-51999-0521.fits
4.26821e+17,main_sequence,C:\Users\Harshit\OneDrive\Desktop\stellar-spectra-ai\data\raw\main_sequence\spec-0379-51789-0383.fits
4.39182e+17,main_sequence,C:\Users\Harshit\OneDrive\Desktop\stellar-spectra-ai\data\raw\main_sequence\spec-0390-51900-0293.fits
4.39186e+17,main_sequence,C:\Users\Harshit\OneDrive\Desktop\stellar-spectra-ai\data\raw\main_sequence\spec-0390-51900-0309.fits
4.26766e+17,main_sequence,C:\Users\Harshit\OneDrive\Desktop\stellar-spectra-ai\data\raw\main_sequence\spec-0379-51789-0180.fits
4.26794e+17,main_sequence,C:\Users\Harshit\OneDrive\Desktop\stellar-spectra-ai\data\raw\main_sequence\spec-0379-51789-0283.fits
4.26797e+17,main_sequence,C:\Users\Harshit\OneDrive\Desktop\stellar-spectra-ai\data\raw\main_sequence\spec-0379-51789-0294.fits
4.27985e+17,main_sequence,C:\Users\Harshit\OneDrive\Desktop\stellar-spectra-ai\data\raw\main_sequence\spec-0380-51792-0519.fits
4.27991e+17,main_sequence,C:\Users\Harshit\OneDrive\Desktop\stellar-spectra-ai\data\raw\main_sequence\spec-0380-51792-0541.fits
4.28017e+17,main_sequence,C:\Users\Harshit\OneDrive\Desktop\stellar-spectra-ai\data\raw\main_sequence\spec-0380-51792-0637.fits
4.28992e+17,main_sequence,C:\Users\Harshit\OneDrive\Desktop\stellar-spectra-ai\data\raw\main_sequence\spec-0381-51811-0088.fits
4.28994e+17,main_sequence,C:\Users\Harshit\OneDrive\Desktop\stellar-spectra-ai\data\raw\main_sequence\spec-0381-51811-0096.fits
4.29052e+17,main_sequence,C:\Users\Harshit\OneDrive\Desktop\stellar-spectra-ai\data\raw\main_sequence\spec-0381-51811-0307.fits
4.29056e+17,main_sequence,C:\Users\Harshit\OneDrive\Desktop\stellar-spectra-ai\data\raw\main_sequence\spec-0381-51811-0319.fits
4.2907e+17,main_sequence,C:\Users\Harshit\OneDrive\Desktop\stellar-spectra-ai\data\raw\main_sequence\spec-0381-51811-0373.fits
3.254e+17,main_sequence,C:\Users\Harshit\OneDrive\Desktop\stellar-spectra-ai\data\raw\main_sequence\spec-0289-51990-0054.fits
3.25404e+17,main_sequence,C:\Users\Harshit\OneDrive\Desktop\stellar-spectra-ai\data\raw\main_sequence\spec-0289-51990-0070.fits
3.34412e+17,main_sequence,C:\Users\Harshit\OneDrive\Desktop\stellar-spectra-ai\data\raw\main_sequence\spec-0297-51959-0073.fits
3.43418e+17,main_sequence,C:\Users\Harshit\OneDrive\Desktop\stellar-spectra-ai\data\raw\main_sequence\spec-0305-51613-0066.fits
3.43427e+17,main_sequence,C:\Users\Harshit\OneDrive\Desktop\stellar-spectra-ai\data\raw\main_sequence\spec-0305-51613-0100.fits
3.43448e+17,main_sequence,C:\Users\Harshit\OneDrive\Desktop\stellar-spectra-ai\data\raw\main_sequence\spec-0305-51613-0178.fits
3.43462e+17,main_sequence,C:\Users\Harshit\OneDrive\Desktop\stellar-spectra-ai\data\raw\main_sequence\spec-0305-51613-0229.fits
3.43471e+17,main_sequence,C:\Users\Harshit\OneDrive\Desktop\stellar-spectra-ai\data\raw\main_sequence\spec-0305-51613-0261.fits
3.43487e+17,main_sequence,C:\Users\Harshit\OneDrive\Desktop\stellar-spectra-ai\data\raw\main_sequence\spec-0305-51613-0317.fits
3.43488e+17,main_sequence,C:\Users\Harshit\OneDrive\Desktop\stellar-spectra-ai\data\raw\main_sequence\spec-0305-51613-0323.fits
3.43489e+17,main_sequence,C:\Users\Harshit\OneDrive\Desktop\stellar-spectra-ai\data\raw\main_sequence\spec-0305-51613-0325.fits
3.43494e+17,main_sequence,C:\Users\Harshit\OneDrive\Desktop\stellar-spectra-ai\data\raw\main_sequence\spec-0305-51613-0345.fits
3.43505e+17,main_sequence,C:\Users\Harshit\OneDrive\Desktop\stellar-spectra-ai\data\raw\main_sequence\spec-0305-51613-0384.fits
3.43508e+17,main_sequence,C:\Users\Harshit\OneDrive\Desktop\stellar-spectra-ai\data\raw\main_sequence\spec-0305-51613-0396.fits
3.43515e+17,main_sequence,C:\Users\Harshit\OneDrive\Desktop\stellar-spectra-ai\data\raw\main_sequence\spec-0305-51613-0421.fits
3.43517e+17,main_sequence,C:\Users\Harshit\OneDrive\Desktop\stellar-spectra-ai\data\raw\main_sequence\spec-0305-51613-0427.fits
3.43519e+17,main_sequence,C:\Users\Harshit\OneDrive\Desktop\stellar-spectra-ai\data\raw\main_sequence\spec-0305-51613-0435.fits
3.44556e+17,main_sequence,C:\Users\Harshit\OneDrive\Desktop\stellar-spectra-ai\data\raw\main_sequence\spec-0306-51637-0111.fits
3.04029e+17,main_sequence,C:\Users\Harshit\OneDrive\Desktop\stellar-spectra-ai\data\raw\main_sequence\spec-0270-51909-0131.fits
3.04041e+17,main_sequence,C:\Users\Harshit\OneDrive\Desktop\stellar-spectra-ai\data\raw\main_sequence\spec-0270-51909-0174.fits
3.04115e+17,main_sequence,C:\Users\Harshit\OneDrive\Desktop\stellar-spectra-ai\data\raw\main_sequence\spec-0270-51909-0443.fits
3.04158e+17,main_sequence,C:\Users\Harshit\OneDrive\Desktop\stellar-spectra-ai\data\raw\main_sequence\spec-0270-51909-0602.fits
3.0416e+17,main_sequence,C:\Users\Harshit\OneDrive\Desktop\stellar-spectra-ai\data\raw\main_sequence\spec-0270-51909-0607.fits
3.04161e+17,main_sequence,C:\Users\Harshit\OneDrive\Desktop\stellar-spectra-ai\data\raw\main_sequence\spec-0270-51909-0610.fits
3.05207e+17,main_sequence,C:\Users\Harshit\OneDrive\Desktop\stellar-spectra-ai\data\raw\main_sequence\spec-0271-51883-0320.fits
4.50532e+17,main_sequence,C:\Users\Harshit\OneDrive\Desktop\stellar-spectra-ai\data\raw\main_sequence\spec-0400-51820-0627.fits
4.51491e+17,main_sequence,C:\Users\Harshit\OneDrive\Desktop\stellar-spectra-ai\data\raw\main_sequence\spec-0401-51788-0018.fits
4.51495e+17,main_sequence,C:\Users\Harshit\OneDrive\Desktop\stellar-spectra-ai\data\raw\main_sequence\spec-0401-51788-0033.fits
4.82057e+17,main_sequence,C:\Users\Harshit\OneDrive\Desktop\stellar-spectra-ai\data\raw\main_sequence\spec-0428-51883-0626.fits
5.00035e+17,main_sequence,C:\Users\Harshit\OneDrive\Desktop\stellar-spectra-ai\data\raw\main_sequence\spec-0444-51883-0494.fits
5.00046e+17,main_sequence,C:\Users\Harshit\OneDrive\Desktop\stellar-spectra-ai\data\raw\main_sequence\spec-0444-51883-0532.fits
3.82855e+17,main_sequence,C:\Users\Harshit\OneDrive\Desktop\stellar-spectra-ai\data\raw\main_sequence\spec-0340-51990-0177.fits
3.82873e+17,main_sequence,C:\Users\Harshit\OneDrive\Desktop\stellar-spectra-ai\data\raw\main_sequence\spec-0340-51990-0245.fits
3.82903e+17,main_sequence,C:\Users\Harshit\OneDrive\Desktop\stellar-spectra-ai\data\raw\main_sequence\spec-0340-51990-0354.fits
3.82904e+17,main_sequence,C:\Users\Harshit\OneDrive\Desktop\stellar-spectra-ai\data\raw\main_sequence\spec-0340-51990-0355.fits
3.82921e+17,main_sequence,C:\Users\Harshit\OneDrive\Desktop\stellar-spectra-ai\data\raw\main_sequence\spec-0340-51990-0420.fits
3.17621e+17,main_sequence,C:\Users\Harshit\OneDrive\Desktop\stellar-spectra-ai\data\raw\main_sequence\spec-0282-51658-0425.fits
3.17637e+17,main_sequence,C:\Users\Harshit\OneDrive\Desktop\stellar-spectra-ai\data\raw\main_sequence\spec-0282-51658-0485.fits
3.37823e+17,main_sequence,C:\Users\Harshit\OneDrive\Desktop\stellar-spectra-ai\data\raw\main_sequence\spec-0300-51943-0194.fits
3.37857e+17,main_sequence,C:\Users\Harshit\OneDrive\Desktop\stellar-spectra-ai\data\raw\main_sequence\spec-0300-51943-0317.fits
3.37871e+17,main_sequence,C:\Users\Harshit\OneDrive\Desktop\stellar-spectra-ai\data\raw\main_sequence\spec-0300-51943-0368.fits
3.3789e+17,main_sequence,C:\Users\Harshit\OneDrive\Desktop\stellar-spectra-ai\data\raw\main_sequence\spec-0300-51943-0435.fits
3.37896e+17,main_sequence,C:\Users\Harshit\OneDrive\Desktop\stellar-spectra-ai\data\raw\main_sequence\spec-0300-51943-0459.fits
4.42499e+17,main_sequence,C:\Users\Harshit\OneDrive\Desktop\stellar-spectra-ai\data\raw\main_sequence\spec-0393-51794-0075.fits
4.43605e+17,main_sequence,C:\Users\Harshit\OneDrive\Desktop\stellar-spectra-ai\data\raw\main_sequence\spec-0394-51913-0001.fits
4.43616e+17,main_sequence,C:\Users\Harshit\OneDrive\Desktop\stellar-spectra-ai\data\raw\main_sequence\spec-0394-51913-0043.fits
3.46859e+17,main_sequence,C:\Users\Harshit\OneDrive\Desktop\stellar-spectra-ai\data\raw\main_sequence\spec-0308-51662-0299.fits
3.70455e+17,main_sequence,C:\Users\Harshit\OneDrive\Desktop\stellar-spectra-ai\data\raw\main_sequence\spec-0329-52056-0122.fits
3.70478e+17,main_sequence,C:\Users\Harshit\OneDrive\Desktop\stellar-spectra-ai\data\raw\main_sequence\spec-0329-52056-0207.fits
3.7055e+17,main_sequence,C:\Users\Harshit\OneDrive\Desktop\stellar-spectra-ai\data\raw\main_sequence\spec-0329-52056-0470.fits
3.70554e+17,main_sequence,C:\Users\Harshit\OneDrive\Desktop\stellar-spectra-ai\data\raw\main_sequence\spec-0329-52056-0482.fits
3.8509e+17,main_sequence,C:\Users\Harshit\OneDrive\Desktop\stellar-spectra-ai\data\raw\main_sequence\spec-0342-51691-0117.fits
3.85093e+17,main_sequence,C:\Users\Harshit\OneDrive\Desktop\stellar-spectra-ai\data\raw\main_sequence\spec-0342-51691-0127.fits
3.85099e+17,main_sequence,C:\Users\Harshit\OneDrive\Desktop\stellar-spectra-ai\data\raw\main_sequence\spec-0342-51691-0150.fits
3.85167e+17,main_sequence,C:\Users\Harshit\OneDrive\Desktop\stellar-spectra-ai\data\raw\main_sequence\spec-0342-51691-0398.fits
3.85182e+17,main_sequence,C:\Users\Harshit\OneDrive\Desktop\stellar-spectra-ai\data\raw\main_sequence\spec-0342-51691-0451.fits
4.6289e+17,main_sequence,C:\Users\Harshit\OneDrive\Desktop\stellar-spectra-ai\data\raw\main_sequence\spec-0411-51817-0528.fits
4.30155e+17,main_sequence,C:\Users\Harshit\OneDrive\Desktop\stellar-spectra-ai\data\raw\main_sequence\spec-0382-51816-0221.fits
4.31291e+17,main_sequence,C:\Users\Harshit\OneDrive\Desktop\stellar-spectra-ai\data\raw\main_sequence\spec-0383-51818-0258.fits
3.3445e+17,main_sequence,C:\Users\Harshit\OneDrive\Desktop\stellar-spectra-ai\data\raw\main_sequence\spec-0297-51959-0211.fits
3.34462e+17,main_sequence,C:\Users\Harshit\OneDrive\Desktop\stellar-spectra-ai\data\raw\main_sequence\spec-0297-51959-0253.fits
3.3448e+17,main_sequence,C:\Users\Harshit\OneDrive\Desktop\stellar-spectra-ai\data\raw\main_sequence\spec-0297-51959-0319.fits
3.34489e+17,main_sequence,C:\Users\Harshit\OneDrive\Desktop\stellar-spectra-ai\data\raw\main_sequence\spec-0297-51959-0351.fits
3.34515e+17,main_sequence,C:\Users\Harshit\OneDrive\Desktop\stellar-spectra-ai\data\raw\main_sequence\spec-0297-51959-0448.fits
3.3552e+17,main_sequence,C:\Users\Harshit\OneDrive\Desktop\stellar-spectra-ai\data\raw\main_sequence\spec-0298-51955-0008.fits
3.44577e+17,main_sequence,C:\Users\Harshit\OneDrive\Desktop\stellar-spectra-ai\data\raw\main_sequence\spec-0306-51637-0189.fits
3.44606e+17,main_sequence,C:\Users\Harshit\OneDrive\Desktop\stellar-spectra-ai\data\raw\main_sequence\spec-0306-51637-0295.fits
3.49171e+17,main_sequence,C:\Users\Harshit\OneDrive\Desktop\stellar-spectra-ai\data\raw\main_sequence\spec-0310-51990-0515.fits
3.49191e+17,main_sequence,C:\Users\Harshit\OneDrive\Desktop\stellar-spectra-ai\data\raw\main_sequence\spec-0310-51990-0591.fits
3.50193e+17,main_sequence,C:\Users\Harshit\OneDrive\Desktop\stellar-spectra-ai\data\raw\main_sequence\spec-0311-51665-0140.fits
3.50253e+17,main_sequence,C:\Users\Harshit\OneDrive\Desktop\stellar-spectra-ai\data\raw\main_sequence\spec-0311-51665-0358.fits
3.50254e+17,main_sequence,C:\Users\Harshit\OneDrive\Desktop\stellar-spectra-ai\data\raw\main_sequence\spec-0311-51665-0359.fits
3.05255e+17,main_sequence,C:\Users\Harshit\OneDrive\Desktop\stellar-spectra-ai\data\raw\main_sequence\spec-0271-51883-0495.fits
3.0527e+17,main_sequence,C:\Users\Harshit\OneDrive\Desktop\stellar-spectra-ai\data\raw\main_sequence\spec-0271-51883-0549.fits
3.05295e+17,main_sequence,C:\Users\Harshit\OneDrive\Desktop\stellar-spectra-ai\data\raw\main_sequence\spec-0271-51883-0639.fits
3.0625e+17,main_sequence,C:\Users\Harshit\OneDrive\Desktop\stellar-spectra-ai\data\raw\main_sequence\spec-0272-51941-0019.fits
3.06257e+17,main_sequence,C:\Users\Harshit\OneDrive\Desktop\stellar-spectra-ai\data\raw\main_sequence\spec-0272-51941-0044.fits
3.06278e+17,main_sequence,C:\Users\Harshit\OneDrive\Desktop\stellar-spectra-ai\data\raw\main_sequence\spec-0272-51941-0120.fits
3.06303e+17,main_sequence,C:\Users\Harshit\OneDrive\Desktop\stellar-spectra-ai\data\raw\main_sequence\spec-0272-51941-0211.fits
3.06373e+17,main_sequence,C:\Users\Harshit\OneDrive\Desktop\stellar-spectra-ai\data\raw\main_sequence\spec-0272-51941-0466.fits
3.06387e+17,main_sequence,C:\Users\Harshit\OneDrive\Desktop\stellar-spectra-ai\data\raw\main_sequence\spec-0272-51941-0517.fits
3.06415e+17,main_sequence,C:\Users\Harshit\OneDrive\Desktop\stellar-spectra-ai\data\raw\main_sequence\spec-0272-51941-0620.fits
3.07373e+17,main_sequence,C:\Users\Harshit\OneDrive\Desktop\stellar-spectra-ai\data\raw\main_sequence\spec-0273-51957-0010.fits
5.01045e+17,main_sequence,C:\Users\Harshit\OneDrive\Desktop\stellar-spectra-ai\data\raw\main_sequence\spec-0445-51873-0071.fits
5.01192e+17,main_sequence,C:\Users\Harshit\OneDrive\Desktop\stellar-spectra-ai\data\raw\main_sequence\spec-0445-51873-0604.fits
5.02215e+17,main_sequence,C:\Users\Harshit\OneDrive\Desktop\stellar-spectra-ai\data\raw\main_sequence\spec-0446-51899-0232.fits
5.02234e+17,main_sequence,C:\Users\Harshit\OneDrive\Desktop\stellar-spectra-ai\data\raw\main_sequence\spec-0446-51899-0301.fits
5.2583e+17,main_sequence,C:\Users\Harshit\OneDrive\Desktop\stellar-spectra-ai\data\raw\main_sequence\spec-0467-51901-0126.fits
5.25878e+17,main_sequence,C:\Users\Harshit\OneDrive\Desktop\stellar-spectra-ai\data\raw\main_sequence\spec-0467-51901-0300.fits
5.25886e+17,main_sequence,C:\Users\Harshit\OneDrive\Desktop\stellar-spectra-ai\data\raw\main_sequence\spec-0467-51901-0331.fits
3.95224e+17,main_sequence,C:\Users\Harshit\OneDrive\Desktop\stellar-spectra-ai\data\raw\main_sequence\spec-0351-51695-0119.fits
3.95267e+17,main_sequence,C:\Users\Harshit\OneDrive\Desktop\stellar-spectra-ai\data\raw\main_sequence\spec-0351-51695-0276.fits
3.18679e+17,main_sequence,C:\Users\Harshit\OneDrive\Desktop\stellar-spectra-ai\data\raw\main_sequence\spec-0283-51959-0181.fits
3.18685e+17,main_sequence,C:\Users\Harshit\OneDrive\Desktop\stellar-spectra-ai\data\raw\main_sequence\spec-0283-51959-0202.fits
3.46926e+17,main_sequence,C:\Users\Harshit\OneDrive\Desktop\stellar-spectra-ai\data\raw\main_sequence\spec-0308-51662-0541.fits
3.46939e+17,main_sequence,C:\Users\Harshit\OneDrive\Desktop\stellar-spectra-ai\data\raw\main_sequence\spec-0308-51662-0587.fits
3.47907e+17,main_sequence,C:\Users\Harshit\OneDrive\Desktop\stellar-spectra-ai\data\raw\main_sequence\spec-0309-51994-0013.fits
3.47956e+17,main_sequence,C:\Users\Harshit\OneDrive\Desktop\stellar-spectra-ai\data\raw\main_sequence\spec-0309-51994-0191.fits
4.56136e+17,main_sequence,C:\Users\Harshit\OneDrive\Desktop\stellar-spectra-ai\data\raw\main_sequence\spec-0405-51816-0534.fits
3.85189e+17,main_sequence,C:\Users\Harshit\OneDrive\Desktop\stellar-spectra-ai\data\raw\main_sequence\spec-0342-51691-0478.fits
3.8521e+17,main_sequence,C:\Users\Harshit\OneDrive\Desktop\stellar-spectra-ai\data\raw\main_sequence\spec-0342-51691-0554.fits
3.86212e+17,main_sequence,C:\Users\Harshit\OneDrive\Desktop\stellar-spectra-ai\data\raw\main_sequence\spec-0343-51692-0102.fits
3.86213e+17,main_sequence,C:\Users\Harshit\OneDrive\Desktop\stellar-spectra-ai\data\raw\main_sequence\spec-0343-51692-0108.fits
3.86217e+17,main_sequence,C:\Users\Harshit\OneDrive\Desktop\stellar-spectra-ai\data\raw\main_sequence\spec-0343-51692-0122.fits
3.86241e+17,main_sequence,C:\Users\Harshit\OneDrive\Desktop\stellar-spectra-ai\data\raw\main_sequence\spec-0343-51692-0209.fits
3.86277e+17,main_sequence,C:\Users\Harshit\OneDrive\Desktop\stellar-spectra-ai\data\raw\main_sequence\spec-0343-51692-0341.fits
3.86322e+17,main_sequence,C:\Users\Harshit\OneDrive\Desktop\stellar-spectra-ai\data\raw\main_sequence\spec-0343-51692-0503.fits
3.86343e+17,main_sequence,C:\Users\Harshit\OneDrive\Desktop\stellar-spectra-ai\data\raw\main_sequence\spec-0343-51692-0579.fits
3.86358e+17,main_sequence,C:\Users\Harshit\OneDrive\Desktop\stellar-spectra-ai\data\raw\main_sequence\spec-0343-51692-0634.fits
3.8733e+17,main_sequence,C:\Users\Harshit\OneDrive\Desktop\stellar-spectra-ai\data\raw\main_sequence\spec-0344-51693-0074.fits
4.72919e+17,main_sequence,C:\Users\Harshit\OneDrive\Desktop\stellar-spectra-ai\data\raw\main_sequence\spec-0420-51871-0150.fits
4.72934e+17,main_sequence,C:\Users\Harshit\OneDrive\Desktop\stellar-spectra-ai\data\raw\main_sequence\spec-0420-51871-0202.fits
4.72938e+17,main_sequence,C:\Users\Harshit\OneDrive\Desktop\stellar-spectra-ai\data\raw\main_sequence\spec-0420-51871-0219.fits
4.73032e+17,main_sequence,C:\Users\Harshit\OneDrive\Desktop\stellar-spectra-ai\data\raw\main_sequence\spec-0420-51871-0559.fits
4.73036e+17,main_sequence,C:\Users\Harshit\OneDrive\Desktop\stellar-spectra-ai\data\raw\main_sequence\spec-0420-51871-0575.fits
4.74031e+17,main_sequence,C:\Users\Harshit\OneDrive\Desktop\stellar-spectra-ai\data\raw\main_sequence\spec-0421-51821-0097.fits
4.76342e+17,main_sequence,C:\Users\Harshit\OneDrive\Desktop\stellar-spectra-ai\data\raw\main_sequence\spec-0423-51821-0313.fits
4.31349e+17,main_sequence,C:\Users\Harshit\OneDrive\Desktop\stellar-spectra-ai\data\raw\main_sequence\spec-0383-51818-0471.fits
4.31366e+17,main_sequence,C:\Users\Harshit\OneDrive\Desktop\stellar-spectra-ai\data\raw\main_sequence\spec-0383-51818-0532.fits
4.32376e+17,main_sequence,C:\Users\Harshit\OneDrive\Desktop\stellar-spectra-ai\data\raw\main_sequence\spec-0384-51821-0109.fits
4.32413e+17,main_sequence,C:\Users\Harshit\OneDrive\Desktop\stellar-spectra-ai\data\raw\main_sequence\spec-0384-51821-0244.fits
4.32436e+17,main_sequence,C:\Users\Harshit\OneDrive\Desktop\stellar-spectra-ai\data\raw\main_sequence\spec-0384-51821-0329.fits
4.32456e+17,main_sequence,C:\Users\Harshit\OneDrive\Desktop\stellar-spectra-ai\data\raw\main_sequence\spec-0384-51821-0403.fits
4.32508e+17,main_sequence,C:\Users\Harshit\OneDrive\Desktop\stellar-spectra-ai\data\raw\main_sequence\spec-0384-51821-0590.fits
3.35531e+17,main_sequence,C:\Users\Harshit\OneDrive\Desktop\stellar-spectra-ai\data\raw\main_sequence\spec-0298-51955-0047.fits
3.35537e+17,main_sequence,C:\Users\Harshit\OneDrive\Desktop\stellar-spectra-ai\data\raw\main_sequence\spec-0298-51955-0068.fits
3.35555e+17,main_sequence,C:\Users\Harshit\OneDrive\Desktop\stellar-spectra-ai\data\raw\main_sequence\spec-0298-51955-0133.fits
3.35577e+17,main_sequence,C:\Users\Harshit\OneDrive\Desktop\stellar-spectra-ai\data\raw\main_sequence\spec-0298-51955-0215.fits
3.35583e+17,main_sequence,C:\Users\Harshit\OneDrive\Desktop\stellar-spectra-ai\data\raw\main_sequence\spec-0298-51955-0237.fits
3.35611e+17,main_sequence,C:\Users\Harshit\OneDrive\Desktop\stellar-spectra-ai\data\raw\main_sequence\spec-0298-51955-0338.fits
3.35617e+17,main_sequence,C:\Users\Harshit\OneDrive\Desktop\stellar-spectra-ai\data\raw\main_sequence\spec-0298-51955-0360.fits
3.35644e+17,main_sequence,C:\Users\Harshit\OneDrive\Desktop\stellar-spectra-ai\data\raw\main_sequence\spec-0298-51955-0458.fits
3.35646e+17,main_sequence,C:\Users\Harshit\OneDrive\Desktop\stellar-spectra-ai\data\raw\main_sequence\spec-0298-51955-0466.fits
3.64794e+17,main_sequence,C:\Users\Harshit\OneDrive\Desktop\stellar-spectra-ai\data\raw\main_sequence\spec-0324-51666-0007.fits
3.64799e+17,main_sequence,C:\Users\Harshit\OneDrive\Desktop\stellar-spectra-ai\data\raw\main_sequence\spec-0324-51666-0026.fits
3.648e+17,main_sequence,C:\Users\Harshit\OneDrive\Desktop\stellar-spectra-ai\data\raw\main_sequence\spec-0324-51666-0031.fits
3.64803e+17,main_sequence,C:\Users\Harshit\OneDrive\Desktop\stellar-spectra-ai\data\raw\main_sequence\spec-0324-51666-0040.fits
3.64806e+17,main_sequence,C:\Users\Harshit\OneDrive\Desktop\stellar-spectra-ai\data\raw\main_sequence\spec-0324-51666-0051.fits
3.64812e+17,main_sequence,C:\Users\Harshit\OneDrive\Desktop\stellar-spectra-ai\data\raw\main_sequence\spec-0324-51666-0074.fits
3.64816e+17,main_sequence,C:\Users\Harshit\OneDrive\Desktop\stellar-spectra-ai\data\raw\main_sequence\spec-0324-51666-0088.fits
3.64821e+17,main_sequence,C:\Users\Harshit\OneDrive\Desktop\stellar-spectra-ai\data\raw\main_sequence\spec-0324-51666-0108.fits
3.64825e+17,main_sequence,C:\Users\Harshit\OneDrive\Desktop\stellar-spectra-ai\data\raw\main_sequence\spec-0324-51666-0120.fits
3.64827e+17,main_sequence,C:\Users\Harshit\OneDrive\Desktop\stellar-spectra-ai\data\raw\main_sequence\spec-0324-51666-0127.fits
3.64835e+17,main_sequence,C:\Users\Harshit\OneDrive\Desktop\stellar-spectra-ai\data\raw\main_sequence\spec-0324-51666-0159.fits
3.64846e+17,main_sequence,C:\Users\Harshit\OneDrive\Desktop\stellar-spectra-ai\data\raw\main_sequence\spec-0324-51666-0197.fits
3.64847e+17,main_sequence,C:\Users\Harshit\OneDrive\Desktop\stellar-spectra-ai\data\raw\main_sequence\spec-0324-51666-0202.fits
3.64848e+17,main_sequence,C:\Users\Harshit\OneDrive\Desktop\stellar-spectra-ai\data\raw\main_sequence\spec-0324-51666-0204.fits
3.64854e+17,main_sequence,C:\Users\Harshit\OneDrive\Desktop\stellar-spectra-ai\data\raw\main_sequence\spec-0324-51666-0228.fits
3.64863e+17,main_sequence,C:\Users\Harshit\OneDrive\Desktop\stellar-spectra-ai\data\raw\main_sequence\spec-0324-51666-0258.fits
3.64866e+17,main_sequence,C:\Users\Harshit\OneDrive\Desktop\stellar-spectra-ai\data\raw\main_sequence\spec-0324-51666-0272.fits
3.6488e+17,main_sequence,C:\Users\Harshit\OneDrive\Desktop\stellar-spectra-ai\data\raw\main_sequence\spec-0324-51666-0320.fits
3.64889e+17,main_sequence,C:\Users\Harshit\OneDrive\Desktop\stellar-spectra-ai\data\raw\main_sequence\spec-0324-51666-0354.fits
3.64911e+17,main_sequence,C:\Users\Harshit\OneDrive\Desktop\stellar-spectra-ai\data\raw\main_sequence\spec-0324-51666-0435.fits
3.07464e+17,main_sequence,C:\Users\Harshit\OneDrive\Desktop\stellar-spectra-ai\data\raw\main_sequence\spec-0273-51957-0340.fits
3.0851e+17,main_sequence,C:\Users\Harshit\OneDrive\Desktop\stellar-spectra-ai\data\raw\main_sequence\spec-0274-51913-0047.fits
3.08561e+17,main_sequence,C:\Users\Harshit\OneDrive\Desktop\stellar-spectra-ai\data\raw\main_sequence\spec-0274-51913-0236.fits
3.0858e+17,main_sequence,C:\Users\Harshit\OneDrive\Desktop\stellar-spectra-ai\data\raw\main_sequence\spec-0274-51913-0304.fits
3.08594e+17,main_sequence,C:\Users\Harshit\OneDrive\Desktop\stellar-spectra-ai\data\raw\main_sequence\spec-0274-51913-0356.fits
3.08599e+17,main_sequence,C:\Users\Harshit\OneDrive\Desktop\stellar-spectra-ai\data\raw\main_sequence\spec-0274-51913-0374.fits
3.08613e+17,main_sequence,C:\Users\Harshit\OneDrive\Desktop\stellar-spectra-ai\data\raw\main_sequence\spec-0274-51913-0422.fits
5.26932e+17,main_sequence,C:\Users\Harshit\OneDrive\Desktop\stellar-spectra-ai\data\raw\main_sequence\spec-0468-51912-0039.fits
5.35972e+17,main_sequence,C:\Users\Harshit\OneDrive\Desktop\stellar-spectra-ai\data\raw\main_sequence\spec-0476-52314-0157.fits
5.35978e+17,main_sequence,C:\Users\Harshit\OneDrive\Desktop\stellar-spectra-ai\data\raw\main_sequence\spec-0476-52314-0179.fits
4.09915e+17,main_sequence,C:\Users\Harshit\OneDrive\Desktop\stellar-spectra-ai\data\raw\main_sequence\spec-0364-52000-0319.fits
4.0992e+17,main_sequence,C:\Users\Harshit\OneDrive\Desktop\stellar-spectra-ai\data\raw\main_sequence\spec-0364-52000-0335.fits
4.09962e+17,main_sequence,C:\Users\Harshit\OneDrive\Desktop\stellar-spectra-ai\data\raw\main_sequence\spec-0364-52000-0489.fits
4.09972e+17,main_sequence,C:\Users\Harshit\OneDrive\Desktop\stellar-spectra-ai\data\raw\main_sequence\spec-0364-52000-0526.fits
4.09984e+17,main_sequence,C:\Users\Harshit\OneDrive\Desktop\stellar-spectra-ai\data\raw\main_sequence\spec-0364-52000-0568.fits
4.09985e+17,main_sequence,C:\Users\Harshit\OneDrive\Desktop\stellar-spectra-ai\data\raw\main_sequence\spec-0364-52000-0571.fits
4.09987e+17,main_sequence,C:\Users\Harshit\OneDrive\Desktop\stellar-spectra-ai\data\raw\main_sequence\spec-0364-52000-0580.fits
4.12095e+17,main_sequence,C:\Users\Harshit\OneDrive\Desktop\stellar-spectra-ai\data\raw\main_sequence\spec-0366-52017-0058.fits
4.12115e+17,main_sequence,C:\Users\Harshit\OneDrive\Desktop\stellar-spectra-ai\data\raw\main_sequence\spec-0366-52017-0129.fits
4.1214e+17,main_sequence,C:\Users\Harshit\OneDrive\Desktop\stellar-spectra-ai\data\raw\main_sequence\spec-0366-52017-0221.fits
4.12165e+17,main_sequence,C:\Users\Harshit\OneDrive\Desktop\stellar-spectra-ai\data\raw\main_sequence\spec-0366-52017-0310.fits
4.12182e+17,main_sequence,C:\Users\Harshit\OneDrive\Desktop\stellar-spectra-ai\data\raw\main_sequence\spec-0366-52017-0375.fits
4.12221e+17,main_sequence,C:\Users\Harshit\OneDrive\Desktop\stellar-spectra-ai\data\raw\main_sequence\spec-0366-52017-0515.fits
4.12224e+17,main_sequence,C:\Users\Harshit\OneDrive\Desktop\stellar-spectra-ai\data\raw\main_sequence\spec-0366-52017-0527.fits
3.379e+17,main_sequence,C:\Users\Harshit\OneDrive\Desktop\stellar-spectra-ai\data\raw\main_sequence\spec-0300-51943-0473.fits
3.50298e+17,main_sequence,C:\Users\Harshit\OneDrive\Desktop\stellar-spectra-ai\data\raw\main_sequence\spec-0311-51665-0522.fits
3.50329e+17,main_sequence,C:\Users\Harshit\OneDrive\Desktop\stellar-spectra-ai\data\raw\main_sequence\spec-0311-51665-0635.fits
3.5131e+17,main_sequence,C:\Users\Harshit\OneDrive\Desktop\stellar-spectra-ai\data\raw\main_sequence\spec-0312-51689-0107.fits
3.51375e+17,main_sequence,C:\Users\Harshit\OneDrive\Desktop\stellar-spectra-ai\data\raw\main_sequence\spec-0312-51689-0341.fits
3.48011e+17,main_sequence,C:\Users\Harshit\OneDrive\Desktop\stellar-spectra-ai\data\raw\main_sequence\spec-0309-51994-0394.fits
3.48012e+17,main_sequence,C:\Users\Harshit\OneDrive\Desktop\stellar-spectra-ai\data\raw\main_sequence\spec-0309-51994-0395.fits
3.48013e+17,main_sequence,C:\Users\Harshit\OneDrive\Desktop\stellar-spectra-ai\data\raw\main_sequence\spec-0309-51994-0398.fits
3.49056e+17,main_sequence,C:\Users\Harshit\OneDrive\Desktop\stellar-spectra-ai\data\raw\main_sequence\spec-0310-51990-0099.fits
3.49068e+17,main_sequence,C:\Users\Harshit\OneDrive\Desktop\stellar-spectra-ai\data\raw\main_sequence\spec-0310-51990-0143.fits
4.58366e+17,main_sequence,C:\Users\Harshit\OneDrive\Desktop\stellar-spectra-ai\data\raw\main_sequence\spec-0407-51820-0453.fits
3.87382e+17,main_sequence,C:\Users\Harshit\OneDrive\Desktop\stellar-spectra-ai\data\raw\main_sequence\spec-0344-51693-0263.fits
3.87405e+17,main_sequence,C:\Users\Harshit\OneDrive\Desktop\stellar-spectra-ai\data\raw\main_sequence\spec-0344-51693-0346.fits
3.87433e+17,main_sequence,C:\Users\Harshit\OneDrive\Desktop\stellar-spectra-ai\data\raw\main_sequence\spec-0344-51693-0450.fits
3.87436e+17,main_sequence,C:\Users\Harshit\OneDrive\Desktop\stellar-spectra-ai\data\raw\main_sequence\spec-0344-51693-0459.fits
3.8748e+17,main_sequence,C:\Users\Harshit\OneDrive\Desktop\stellar-spectra-ai\data\raw\main_sequence\spec-0344-51693-0619.fits
3.88446e+17,main_sequence,C:\Users\Harshit\OneDrive\Desktop\stellar-spectra-ai\data\raw\main_sequence\spec-0345-51690-0040.fits
3.88485e+17,main_sequence,C:\Users\Harshit\OneDrive\Desktop\stellar-spectra-ai\data\raw\main_sequence\spec-0345-51690-0180.fits
3.88509e+17,main_sequence,C:\Users\Harshit\OneDrive\Desktop\stellar-spectra-ai\data\raw\main_sequence\spec-0345-51690-0268.fits
3.88522e+17,main_sequence,C:\Users\Harshit\OneDrive\Desktop\stellar-spectra-ai\data\raw\main_sequence\spec-0345-51690-0316.fits
3.88566e+17,main_sequence,C:\Users\Harshit\OneDrive\Desktop\stellar-spectra-ai\data\raw\main_sequence\spec-0345-51690-0475.fits
3.8857e+17,main_sequence,C:\Users\Harshit\OneDrive\Desktop\stellar-spectra-ai\data\raw\main_sequence\spec-0345-51690-0490.fits
4.7639e+17,main_sequence,C:\Users\Harshit\OneDrive\Desktop\stellar-spectra-ai\data\raw\main_sequence\spec-0423-51821-0490.fits
4.98915e+17,main_sequence,C:\Users\Harshit\OneDrive\Desktop\stellar-spectra-ai\data\raw\main_sequence\spec-0443-51873-0515.fits
4.98939e+17,main_sequence,C:\Users\Harshit\OneDrive\Desktop\stellar-spectra-ai\data\raw\main_sequence\spec-0443-51873-0601.fits
5.13488e+17,main_sequence,C:\Users\Harshit\OneDrive\Desktop\stellar-spectra-ai\data\raw\main_sequence\spec-0456-51910-0281.fits
4.44889e+17,main_sequence,C:\Users\Harshit\OneDrive\Desktop\stellar-spectra-ai\data\raw\main_sequence\spec-0395-51783-0578.fits
4.44895e+17,main_sequence,C:\Users\Harshit\OneDrive\Desktop\stellar-spectra-ai\data\raw\main_sequence\spec-0395-51783-0598.fits
3.35693e+17,main_sequence,C:\Users\Harshit\OneDrive\Desktop\stellar-spectra-ai\data\raw\main_sequence\spec-0298-51955-0637.fits
4.08781e+17,main_sequence,C:\Users\Harshit\OneDrive\Desktop\stellar-spectra-ai\data\raw\main_sequence\spec-0363-51989-0290.fits
4.08787e+17,main_sequence,C:\Users\Harshit\OneDrive\Desktop\stellar-spectra-ai\data\raw\main_sequence\spec-0363-51989-0311.fits
4.08789e+17,main_sequence,C:\Users\Harshit\OneDrive\Desktop\stellar-spectra-ai\data\raw\main_sequence\spec-0363-51989-0319.fits
4.088e+17,main_sequence,C:\Users\Harshit\OneDrive\Desktop\stellar-spectra-ai\data\raw\main_sequence\spec-0363-51989-0358.fits
4.08809e+17,main_sequence,C:\Users\Harshit\OneDrive\Desktop\stellar-spectra-ai\data\raw\main_sequence\spec-0363-51989-0389.fits
4.08821e+17,main_sequence,C:\Users\Harshit\OneDrive\Desktop\stellar-spectra-ai\data\raw\main_sequence\spec-0363-51989-0433.fits
4.09853e+17,main_sequence,C:\Users\Harshit\OneDrive\Desktop\stellar-spectra-ai\data\raw\main_sequence\spec-0364-52000-0093.fits
4.09876e+17,main_sequence,C:\Users\Harshit\OneDrive\Desktop\stellar-spectra-ai\data\raw\main_sequence\spec-0364-52000-0177.fits
4.09885e+17,main_sequence,C:\Users\Harshit\OneDrive\Desktop\stellar-spectra-ai\data\raw\main_sequence\spec-0364-52000-0209.fits
3.64913e+17,main_sequence,C:\Users\Harshit\OneDrive\Desktop\stellar-spectra-ai\data\raw\main_sequence\spec-0324-51666-0441.fits
3.64914e+17,main_sequence,C:\Users\Harshit\OneDrive\Desktop\stellar-spectra-ai\data\raw\main_sequence\spec-0324-51666-0447.fits
3.64921e+17,main_sequence,C:\Users\Harshit\OneDrive\Desktop\stellar-spectra-ai\data\raw\main_sequence\spec-0324-51666-0471.fits
3.64925e+17,main_sequence,C:\Users\Harshit\OneDrive\Desktop\stellar-spectra-ai\data\raw\main_sequence\spec-0324-51666-0487.fits
3.96453e+17,main_sequence,C:\Users\Harshit\OneDrive\Desktop\stellar-spectra-ai\data\raw\main_sequence\spec-0352-51694-0495.fits
3.96454e+17,main_sequence,C:\Users\Harshit\OneDrive\Desktop\stellar-spectra-ai\data\raw\main_sequence\spec-0352-51694-0500.fits
3.96466e+17,main_sequence,C:\Users\Harshit\OneDrive\Desktop\stellar-spectra-ai\data\raw\main_sequence\spec-0352-51694-0542.fits
3.63712e+17,main_sequence,C:\Users\Harshit\OneDrive\Desktop\stellar-spectra-ai\data\raw\main_sequence\spec-0323-51615-0167.fits
3.63714e+17,main_sequence,C:\Users\Harshit\OneDrive\Desktop\stellar-spectra-ai\data\raw\main_sequence\spec-0323-51615-0176.fits
3.6373e+17,main_sequence,C:\Users\Harshit\OneDrive\Desktop\stellar-spectra-ai\data\raw\main_sequence\spec-0323-51615-0233.fits
3.63733e+17,main_sequence,C:\Users\Harshit\OneDrive\Desktop\stellar-spectra-ai\data\raw\main_sequence\spec-0323-51615-0246.fits
3.63735e+17,main_sequence,C:\Users\Harshit\OneDrive\Desktop\stellar-spectra-ai\data\raw\main_sequence\spec-0323-51615-0251.fits
3.63738e+17,main_sequence,C:\Users\Harshit\OneDrive\Desktop\stellar-spectra-ai\data\raw\main_sequence\spec-0323-51615-0263.fits
3.63741e+17,main_sequence,C:\Users\Harshit\OneDrive\Desktop\stellar-spectra-ai\data\raw\main_sequence\spec-0323-51615-0274.fits
3.63748e+17,main_sequence,C:\Users\Harshit\OneDrive\Desktop\stellar-spectra-ai\data\raw\main_sequence\spec-0323-51615-0300.fits
3.63749e+17,main_sequence,C:\Users\Harshit\OneDrive\Desktop\stellar-spectra-ai\data\raw\main_sequence\spec-0323-51615-0302.fits
3.6375e+17,main_sequence,C:\Users\Harshit\OneDrive\Desktop\stellar-spectra-ai\data\raw\main_sequence\spec-0323-51615-0308.fits
3.63763e+17,main_sequence,C:\Users\Harshit\OneDrive\Desktop\stellar-spectra-ai\data\raw\main_sequence\spec-0323-51615-0354.fits
3.6377e+17,main_sequence,C:\Users\Harshit\OneDrive\Desktop\stellar-spectra-ai\data\raw\main_sequence\spec-0323-51615-0380.fits
3.63773e+17,main_sequence,C:\Users\Harshit\OneDrive\Desktop\stellar-spectra-ai\data\raw\main_sequence\spec-0323-51615-0391.fits
3.63782e+17,main_sequence,C:\Users\Harshit\OneDrive\Desktop\stellar-spectra-ai\data\raw\main_sequence\spec-0323-51615-0422.fits
3.63785e+17,main_sequence,C:\Users\Harshit\OneDrive\Desktop\stellar-spectra-ai\data\raw\main_sequence\spec-0323-51615-0434.fits
3.63786e+17,main_sequence,C:\Users\Harshit\OneDrive\Desktop\stellar-spectra-ai\data\raw\main_sequence\spec-0323-51615-0439.fits
3.63789e+17,main_sequence,C:\Users\Harshit\OneDrive\Desktop\stellar-spectra-ai\data\raw\main_sequence\spec-0323-51615-0448.fits
3.63797e+17,main_sequence,C:\Users\Harshit\OneDrive\Desktop\stellar-spectra-ai\data\raw\main_sequence\spec-0323-51615-0476.fits
3.63798e+17,main_sequence,C:\Users\Harshit\OneDrive\Desktop\stellar-spectra-ai\data\raw\main_sequence\spec-0323-51615-0483.fits
3.638e+17,main_sequence,C:\Users\Harshit\OneDrive\Desktop\stellar-spectra-ai\data\raw\main_sequence\spec-0323-51615-0487.fits
3.63803e+17,main_sequence,C:\Users\Harshit\OneDrive\Desktop\stellar-spectra-ai\data\raw\main_sequence\spec-0323-51615-0499.fits
3.09634e+17,main_sequence,C:\Users\Harshit\OneDrive\Desktop\stellar-spectra-ai\data\raw\main_sequence\spec-0275-51910-0042.fits
3.09696e+17,main_sequence,C:\Users\Harshit\OneDrive\Desktop\stellar-spectra-ai\data\raw\main_sequence\spec-0275-51910-0268.fits
3.70574e+17,main_sequence,C:\Users\Harshit\OneDrive\Desktop\stellar-spectra-ai\data\raw\main_sequence\spec-0329-52056-0556.fits
3.70578e+17,main_sequence,C:\Users\Harshit\OneDrive\Desktop\stellar-spectra-ai\data\raw\main_sequence\spec-0329-52056-0572.fits
